Price,Close,High,Low,Open,Volume
Ticker,GOLD,GOLD,GOLD,GOLD,GOLD
Date,,,,,
2023-01-03,30.797344207763672,32.034258269081306,30.75700830684244,31.37994615450196,223300
2023-01-04,31.236534118652344,31.549350174268486,30.79734227762344,30.79734227762344,139200
2023-01-05,31.263427734375,31.496467828623807,30.474670596854647,31.030384220960233,115600
2023-01-06,32.867828369140625,32.984350131016114,31.424765893090502,31.59506429954998,287700
2023-01-09,33.06501388549805,34.90245640000477,32.634783693259806,33.37872575134813,234800
2023-01-10,33.47732162475586,34.24815209882332,32.57204612189719,33.0650180657971,307700
2023-01-11,34.113704681396484,34.50808152506901,33.53558186632595,33.56695271276393,313200
2023-01-12,34.56423568725586,35.185958178861256,34.21282717299069,34.52819290701618,218100
2023-01-13,34.9516716003418,35.103047086057195,33.888434111778146,34.05963208673334,127500
2023-01-17,34.789493560791016,35.08233509849622,33.978548292873256,34.75345078505505,217600
2023-01-18,33.54604721069336,34.879599053994895,33.4559437034382,34.879599053994895,216300
2023-01-19,33.33879852294922,33.978542210211714,32.44675888792797,33.41989303522388,186500
2023-01-20,33.04145431518555,33.45593933118556,32.61796376175678,33.338802037279386,179700
2023-01-23,34.257869720458984,34.58224778095928,32.83421121875833,33.041451993582896,315800
2023-01-24,34.969703674316406,35.58241710716897,33.94250519884364,34.04162111257395,270100
2023-01-25,35.43824768066406,35.5463725642533,34.672354209067734,34.79850047945986,141200
2023-01-26,35.312103271484375,35.7626276974717,34.748947739000215,35.63648140815182,181800
2023-01-27,35.09585189819336,35.6815315633784,34.97871459026497,35.31210168812282,138400
2023-01-30,34.609275817871094,35.49230301374154,34.573233049739024,34.94266283002388,112800
2023-01-31,34.690372467041016,34.89761324074043,34.26687850843958,34.39302476745419,141200
2023-02-01,35.76261901855469,36.04194533228187,34.38401570950779,34.67235099718783,217400
2023-02-02,35.09585189819336,36.88172924034079,34.519181208743525,36.7087300958429,172800
2023-02-03,34.068660736083984,35.75812745282633,33.92449304707779,34.942675846896414,181600
2023-02-06,32.807186126708984,33.933497108039596,32.122390562440444,33.78932943991841,282800
2023-02-07,29.004758834838867,31.410560851861568,27.31619465385158,31.410560851861568,1149200
2023-02-08,28.29292869567871,29.00475627146208,27.773023900838385,28.752463736628787,418400
2023-02-09,26.607973098754883,28.30194417671634,26.53588925966321,28.26590311647765,460600
2023-02-10,26.535888671875,27.193653903843348,25.95921625330102,26.526877977361348,369100
2023-02-13,26.33765411376953,26.97739960935197,26.30161305804586,26.535885935398998,342200
2023-02-14,27.427919387817383,27.500003205818178,26.18447137903638,26.18447137903638,304300
2023-02-15,28.84256935119629,28.959706652647533,27.013441464759413,27.15760912915008,366000
2023-02-16,28.93267059326172,29.153426534002424,28.067663058611725,28.31995728092918,211300
2023-02-17,29.202991485595703,29.419244710087902,28.5542369679617,28.82455092065565,197700
2023-02-21,28.238868713378906,29.076844348139474,27.774829144746306,28.842569742062167,351200
2023-02-22,28.112720489501953,28.653348341573352,27.66219613369977,28.211834679120894,242500
2023-02-23,26.95937728881836,28.491160772859068,26.905314847797516,28.23886651707177,185100
2023-02-24,26.869272232055664,26.896304312031393,26.139423258851174,26.689063521392864,192500
2023-02-27,26.761150360107422,27.229694435434826,26.580939910556268,26.977401868400275,167200
2023-02-28,26.409738540649414,26.968389525210625,26.351171608948164,26.815211168041756,185000
2023-03-01,26.51786231994629,26.977397342453617,26.29260015510626,26.707081713477226,174200
2023-03-02,26.220516204833984,26.436767675805353,26.130410995609097,26.256557257355585,127000
2023-03-03,26.607973098754883,26.78818183717692,26.040311362120455,26.310627047674945,124100
2023-03-06,26.20249366760254,26.85124805200231,25.76999074466936,26.85124805200231,180000
2023-03-07,25.337491989135742,26.274581809619388,25.242880562809088,26.25656042187963,215300
2023-03-08,25.472646713256836,25.760982017205116,25.328479061282696,25.42759324788118,133800
2023-03-09,25.13926124572754,25.589785646972167,25.094209493048755,25.391555529125643,177300
2023-03-10,24.977066040039062,25.585274863222104,24.41841688238995,25.0581605497968,244000
2023-03-13,24.95905303955078,25.760985940618543,24.670715973074618,24.670715973074618,278500
2023-03-14,25.211345672607422,25.896142984797418,24.616653586502945,25.40957751371841,377500
2023-03-15,25.86910629272461,25.914159757048072,24.53555468380095,24.877954138203524,272200
2023-03-16,27.220680236816406,27.41891204952596,25.679887794104832,25.797023368203575,311900
2023-03-17,26.86476707458496,27.355838677570283,26.770155656336904,26.950366081118556,385900
2023-03-20,26.833234786987305,27.21167536448541,25.97723771069433,27.094538054113904,299800
2023-03-21,26.995418548583984,27.229691419607885,26.400726536990252,26.896304359061048,219800
2023-03-22,27.63516616821289,27.95954427916742,26.77015844520553,26.98641166491799,394600
2023-03-23,28.283916473388672,28.59027315079296,27.599119295579907,27.779329712387337,257600
2023-03-24,29.31110954284668,29.33814333787072,27.581097899322188,28.16677913930043,389700
2023-03-27,29.923831939697266,30.013938888407928,28.635333508192556,29.401225386089983,320700
2023-03-28,30.401386260986328,30.477974579609104,29.81570320006678,29.81570320006678,161400
2023-03-29,30.031951904296875,30.671695594233025,29.685046263639155,30.46445482582671,193800
2023-03-30,31.3294620513916,31.3655048224165,30.257215392609556,30.419400987765947,308500
2023-03-31,31.221343994140625,31.833153495349666,30.89245965186031,31.554731105861563,218500
2023-04-03,31.852062225341797,31.87008360731414,30.743773013246507,31.194297250873557,165700
2023-04-04,31.987224578857422,32.10436185664033,31.279901581292915,31.85206591701348,332700
2023-04-05,31.879108428955078,32.00525471464901,31.25738253913714,32.00525471464901,137000
2023-04-06,32.23951721191406,32.27555998018219,31.29341688685487,31.861078456781414,147800
2023-04-10,32.66300964355469,32.73509517677514,31.9692018538312,32.07732671643447,132500
2023-04-11,32.61796951293945,33.78933234685124,32.5909357097465,32.76213719346354,223800
2023-04-12,32.23951721191406,32.8882732918301,32.21248685432675,32.8882732918301,207500
2023-04-13,32.38368606567383,32.888274528721944,31.84305827022975,32.239518424406896,238900
2023-04-14,32.35649871826172,32.77329961909437,31.994064504848815,32.320254259981894,142700
2023-04-17,32.36557388305664,32.773312096319664,31.87628387938529,32.193414368915,113100
2023-04-18,32.564903259277344,32.70081826666859,31.885335135245544,32.54678102786103,238400
2023-04-19,32.52867126464844,33.017957822591974,32.07562572311553,32.573975127509094,131400
2023-04-20,32.202476501464844,32.818618687292556,32.04391126021426,32.49242535874106,194100
2023-04-21,32.54677963256836,32.62832794221466,32.1118564666088,32.1118564666088,127500
2023-04-24,32.34744644165039,32.90016245428435,32.3112019754043,32.592091404117674,136800
2023-04-25,32.320255279541016,32.67363357422414,32.039369360166134,32.06655097650257,171000
2023-04-26,32.284019470214844,32.53772381406753,32.07561897969836,32.19340830707999,162200
2023-04-27,32.15264129638672,32.62924607108213,31.994076054747474,32.39275487036372,115100
2023-04-28,32.438053131103516,32.546783069961286,32.16622655572788,32.39274927795132,99500
2023-05-01,32.383689880371094,32.84579471272737,32.28401932958813,32.36556764782306,118600
2023-05-02,32.16622543334961,32.38821672557314,31.65428534331428,32.37462591574794,171500
2023-05-03,31.577266693115234,32.31120157133893,31.50478121799206,32.16622716463008,143200
2023-05-04,31.69505500793457,32.19793566637274,31.282785501197246,31.405106235415875,150000
2023-05-05,32.8911018371582,32.91828691691525,32.048436950408146,32.048436950408146,135700
2023-05-08,33.2172966003418,33.77907206400878,32.76425109108647,32.76425109108647,120500
2023-05-09,33.11762619018555,33.47100113602361,33.06326294095689,33.15387066064662,197100
2023-05-10,34.43144989013672,34.73046150881074,32.78236493507345,33.97840449684545,505300
2023-05-11,33.86061477661133,34.34990467498721,32.32751126741419,34.232111894312496,205500
2023-05-12,33.83343505859375,34.422395538613635,33.72017369370243,34.12338387619853,144400
2023-05-15,33.28071975708008,34.06901790578332,32.664577642369174,34.06901790578332,232400
2023-05-16,32.63739776611328,33.69752256178806,32.5920939080564,33.21729544475208,177800
2023-05-17,32.963592529296875,33.05420024940956,32.564910265289924,32.88204419861027,175400
2023-05-18,33.59785079956055,33.80625128290549,32.61927101015401,32.95452366106002,153700
2023-05-19,33.66128158569336,34.2049347958906,33.375860712346416,33.87874148718713,156700
2023-05-22,33.806251525878906,34.087137482793686,33.56613454245558,33.66127712527253,109300
2023-05-23,33.51630401611328,34.005590476723974,33.45740589529406,33.75188613000269,278600
2023-05-24,32.70988464355469,33.471001243363276,32.59209529887289,33.471001243363276,129200
2023-05-25,31.49571990966797,32.78237085637627,31.423234431008968,32.78237085637627,105000
2023-05-26,32.1752815246582,32.44711151916177,31.37792414059774,31.414165144264516,144500
2023-05-30,31.767547607421875,32.4289935373429,31.654286247028637,32.26589690185964,78500
2023-05-31,30.689300537109375,31.51384319098184,29.78774097945706,31.51384319098184,222400
2023-06-01,31.24201774597168,31.65881878283426,30.643997815027955,30.798035084758943,91000
2023-06-02,31.803789138793945,32.07561917337742,31.251076594414982,31.66787757796468,115800
2023-06-05,32.79142761230469,33.371328677331434,32.45617495544012,32.82767207695556,203600
2023-06-06,33.78813552856445,34.250240435623574,32.57306780996267,32.7914333160727,322700
2023-06-07,34.295536041259766,35.33754186340662,33.851553476543465,33.851553476543465,307100
2023-06-08,34.3272590637207,34.78936745039268,33.978415518573804,34.29554601416189,132600
2023-06-09,33.760948181152344,34.177752656236834,33.30790269400801,34.04183762750843,95400
2023-06-12,33.634090423583984,33.9784059045596,33.38038609889784,33.83343151095863,95800
2023-06-13,33.82437515258789,34.30460222630954,33.66127851312346,33.66127851312346,112700
2023-06-14,33.407569885253906,34.1868085975945,32.97264667623036,33.86061532671123,102100
2023-06-15,32.70988464355469,33.588794044508035,32.33385949481978,33.19011523754657,196200
2023-06-16,32.60115051269531,34.15962798327832,32.52866503728768,32.98171049208855,268500
2023-06-20,33.31696701049805,33.480063669588645,32.356509291015946,32.555850420229554,167400
2023-06-21,34.43144989013672,34.64891319975983,33.31695863741564,33.31695863741564,211700
2023-06-22,34.18681335449219,34.43145834169557,33.64316013168215,34.43145834169557,101500
2023-06-23,32.655517578125,34.02371334613682,32.383690993485985,33.75188676149781,575600
2023-06-26,32.782371520996094,33.51630644990057,32.700823195562265,32.700823195562265,169700
2023-06-27,32.49242401123047,32.94546951399394,32.18435293109279,32.94546951399394,132900
2023-06-28,32.4199333190918,32.700822759947144,32.2115328138621,32.501481643439305,99800
2023-06-29,33.19917297363281,33.298843534525304,32.45617864611417,32.45617864611417,119100
2023-06-30,33.91951370239258,34.04183445166635,33.09949909676772,33.28071796601168,288200
2023-07-03,34.123382568359375,34.304601436532465,33.819842951635344,33.92404146772274,53200
2023-07-05,33.14480972290039,34.03277846893739,32.999831847828766,34.03277846893739,111900
2023-07-06,32.7370719909668,32.99077638964488,32.39275640957283,32.918290899935364,86600
2023-07-07,33.19917297363281,33.50724404527197,32.809553575487335,32.809553575487335,154000
2023-07-10,33.733768463134766,33.733768463134766,32.97265186348907,33.135748524589076,93800
2023-07-11,34.67610168457031,34.694223918666346,33.643158536335314,33.751888484448806,98100
2023-07-12,35.47346878051758,35.66374708643422,34.91168979667324,35.01136037304766,167800
2023-07-13,36.089599609375,36.107718384384334,35.2922387069374,35.564065266086374,180400
2023-07-14,36.0759391784668,36.19432294241912,35.38838720424064,36.025852403753944,128700
2023-07-17,36.79081726074219,36.881882247098325,35.77087134923934,35.93479110380564,111500
2023-07-18,37.045799255371094,37.16145254372918,36.3081604145057,36.82723844084962,140500
2023-07-19,37.21882629394531,37.400959737768154,36.53582848503953,36.91830906445815,131500
2023-07-20,36.982051849365234,37.227931454839144,36.499401220419884,37.20971776474039,168600
2023-07-21,36.95473861694336,37.155082290391164,36.35369717487984,37.155082290391164,211300
2023-07-24,37.46470260620117,38.02020799743783,36.881878416676216,36.91830579699807,142400
2023-07-25,37.628623962402344,38.07485070577482,37.41917172740101,37.464704217808894,104500
2023-07-26,38.13859558105469,38.24787424907258,37.62862267379415,37.62862267379415,169000
2023-07-27,36.23530960083008,38.34804911531905,36.15334972854791,38.1385968803549,197700
2023-07-28,36.92741012573242,37.1004384416562,36.50395139167041,36.53582448030277,126800
2023-07-31,37.14596939086914,37.337207914743814,36.6542102089863,36.6542102089863,96200
2023-08-01,36.99114990234375,37.35086239689926,36.59956432467094,36.909190049484195,101100
2023-08-02,35.88925552368164,36.863665384287856,35.71623067492476,36.863665384287856,133100
2023-08-03,35.388389587402344,35.7981889199656,35.12703026230256,35.57052301008669,100800
2023-08-04,35.30643081665039,36.29905435348546,35.23357605575311,35.64337540103479,179900
2023-08-07,35.09697723388672,35.579627847511276,34.59611293074157,35.30642945251447,148500
2023-08-08,34.3502311706543,34.969482679747124,34.29559010553228,34.969482679747124,145000
2023-08-09,34.022396087646484,34.30469960885568,33.721875401822935,34.25916711903868,131500
2023-08-10,33.26654052734375,34.23639949429341,33.10262079980031,34.02239299033914,193900
2023-08-11,33.24832534790039,34.15443809951074,32.984235553279404,33.257433928970045,159800
2023-08-14,32.78388977050781,33.16636681702221,32.56532897685247,33.16636681702221,130200
2023-08-15,31.782161712646484,32.760212161185116,31.736625752543038,32.62907915676149,163600
2023-08-16,31.79127311706543,32.06447156226709,31.65012133972436,31.864127888536114,171200
2023-08-17,31.864120483398438,31.9688448506665,31.600027209051845,31.773052040224147,84100
2023-08-18,31.763948440551758,31.964292077232813,31.335935422081484,31.672879993054856,223800
2023-08-21,31.618242263793945,31.89144065730891,31.326830180857176,31.72752092641872,105200
2023-08-22,31.518070220947266,31.900547295435626,31.31772310160219,31.882333605140055,119100
2023-08-23,31.586368560791016,31.95518621115998,31.20844232893547,31.518068095265583,305600
2023-08-24,30.61650848388672,31.69109178258339,30.58918968822852,31.42699851153461,285000
2023-08-25,30.680259704589844,30.862393144726997,30.24314153260453,30.698473395994203,206800
2023-08-28,31.108274459838867,31.15380695387311,30.748561851327096,30.771329835297525,170900
2023-08-29,31.809480667114258,31.88233195060972,31.10826925970201,31.10826925970201,227400
2023-08-30,31.618242263793945,31.98250563051188,31.15835615913502,31.72752092641872,183600
2023-08-31,31.07184600830078,31.795825492044315,30.89882114734824,31.51807277189254,327600
2023-09-01,34.4686164855957,35.60694600591136,32.00982750083869,32.78389018509093,664000
2023-09-05,33.37582778930664,34.58700876900512,32.78389496291365,34.39577021545902,335900
2023-09-06,32.60176086425781,33.6945580358784,32.55622837250413,33.6945580358784,309100
2023-09-07,32.292137145996094,32.79300153550279,31.900551438549282,32.60176297342132,228500
2023-09-08,33.0297737121582,33.44867819178799,32.14642878753791,32.783894089617306,220100
2023-09-11,33.15151596069336,33.84451172154666,32.6551772969461,33.36690672811538,189600
2023-09-12,32.35550308227539,33.10468914167088,32.2805862625363,32.96421876500975,168700
2023-09-13,32.20566177368164,32.73945699637467,31.550122715447955,32.280582156291416,366000
2023-09-14,31.671875,32.83311623342913,31.297280131822493,32.62708869869136,255700
2023-09-15,29.667797088623047,31.625047715039184,29.569466751392692,31.625047715039184,569000
2023-09-18,30.44976043701172,30.6042810719189,29.37748818680945,29.78017459148163,305500
2023-09-19,29.84572982788086,30.7447549136011,29.658432414047326,30.38889018455749,215100
2023-09-20,29.23701286315918,30.379522036832768,28.890514984594436,30.089214451711314,466200
2023-09-21,29.096540451049805,29.85509154398874,28.487826566933364,28.871784637816063,350800
2023-09-22,28.6938533782959,29.542307543409883,28.487827654847212,29.255743825938346,322200
2023-09-25,28.291168212890625,28.3567235641737,26.118526583984973,27.626265725682725,701300
2023-09-26,27.45769691467285,28.450368959983237,27.129927320728683,28.234978175980146,489100
2023-09-27,27.158021926879883,27.916573073666925,26.914535998708615,27.523249926036502,427100
2023-09-28,27.85101890563965,27.85101890563965,27.08310272611947,27.101832824693258,260000
2023-09-29,27.46706199645996,28.253708308365304,27.392143385145193,28.019587424731586,205300
2023-10-02,26.6148624420166,27.467062325764374,26.347964774370354,27.467062325764374,326900
2023-10-03,26.259002685546875,26.86771670734775,26.216860849396,26.530582018140755,371600
2023-10-04,26.43692970275879,26.686970991786005,26.081066746216276,26.258999117587823,382200
2023-10-05,26.755332946777344,26.80215819286336,26.14661903726315,26.446293467411646,349700
2023-10-06,27.292892456054688,27.36833921741989,26.029157854093004,27.000534681820923,234300
2023-10-09,27.085411071777344,27.5758158939492,26.93451755707717,27.330613482863274,277900
2023-10-10,27.802156448364258,27.83044965720511,27.094842416476336,27.151428834158043,243300
2023-10-11,28.1228084564209,28.26427091730735,27.707850345533558,27.79272818182399,192500
2023-10-12,28.1228084564209,28.24541057497053,27.764436768922366,28.1228084564209,179300
2023-10-13,28.830121994018555,29.556298224126117,28.311425714680436,28.311425714680436,367500
2023-10-16,28.22654914855957,29.169634643405967,28.113378097709155,28.999878966526765,218900
2023-10-17,28.37744140625,28.575488487830903,28.080368985085897,28.085085419671774,180800
2023-10-18,28.047359466552734,28.698088893579214,27.915328086701113,28.21711512567205,202900
2023-10-19,27.604110717773438,28.094515568641622,27.443786124173943,27.868173484554237,181000
2023-10-20,27.311750411987305,27.971910865371214,27.226874386807825,27.67955491546349,219400
2023-10-23,27.226877212524414,27.500371052424327,26.71100864659546,27.094844028869176,176400
2023-10-24,26.642162322998047,27.471134109118392,26.571430199083654,27.26459853779123,134300
2023-10-25,26.481840133666992,26.92508966048338,26.31208445992669,26.51013334555464,323900
2023-10-26,26.528993606567383,26.708180350386737,26.09517515171218,26.481840052358873,274400
2023-10-27,26.16118812561035,26.783624330134025,25.97257212960498,26.783624330134025,160800
2023-10-30,25.708505630493164,26.444112815968126,25.463303235334845,26.21777075982778,220200
2023-10-31,25.538753509521484,25.972573745022117,25.425582465845274,25.765093798081185,236600
2023-11-01,24.54851722717285,25.600057387278603,24.0628269514198,25.53875632358299,434100
2023-11-02,25.302978515625,25.397287405340915,24.88802048015045,24.925744755553797,394500
2023-11-03,25.727371215820312,26.019727195888525,25.472737717635397,25.783955838041614,196600
2023-11-06,25.6330623626709,26.359238577958976,25.6330623626709,25.67078484462741,635800
2023-11-07,24.850297927856445,25.727367541596106,24.15807222641136,25.689643266307648,457300
2023-11-08,23.16217613220215,24.71826662949476,21.822994837818563,22.42657069645978,1023400
2023-11-09,22.935834884643555,23.977943740168453,22.879250268636582,23.341361863410622,367500
2023-11-10,23.16217613220215,23.397947474179592,22.916973720690496,22.964129068361537,399300
2023-11-13,23.31307029724121,23.360225646227164,22.869820809529088,23.105592158080935,382300
2023-11-14,24.803144454956055,24.897453351499642,23.445102820381727,23.445102820381727,614000
2023-11-15,24.397619247436523,25.142655752350986,24.152416836044047,24.812575513984477,368100
2023-11-16,24.605100631713867,24.83144093395281,24.020386835168654,24.237297865424694,306500
2023-11-17,25.020055770874023,25.067209320341732,24.548513081026517,24.935177942798063,306800
2023-11-20,25.416152954101562,25.614200030171336,24.87859275021354,24.906885960563233,177600
2023-11-21,26.44883155822754,27.01939782465231,25.774525316528177,26.283792323738638,388500
2023-11-22,26.246068954467773,26.51013353762059,26.010297583407592,26.481840325527955,256000
2023-11-24,26.236635208129883,26.69874683242606,26.180050588507985,26.425253005259705,75200
2023-11-27,26.50069808959961,26.632729459970978,26.123464317972473,26.236633550064358,184900
2023-11-28,26.991106033325195,27.4720780238798,26.161189840367673,26.510132243977868,292000
2023-11-29,26.953380584716797,27.406061143741372,26.78362492538442,27.085411964734135,274100
2023-11-30,27.02882957458496,27.406063404896024,26.802489276398322,27.075983128826547,249700
2023-12-01,28.113372802734375,28.19825062518778,26.8873626098624,27.066549323796533,402000
2023-12-04,28.81125831604004,28.815974750374654,27.788011518132215,27.934190403030183,298600
2023-12-05,27.85874366760254,28.839551551334942,27.74557262777555,28.76410479104783,281100
2023-12-06,27.67012596130371,28.547195676860444,27.528663510134837,28.056790833935203,206400
2023-12-07,27.736141204833984,28.066221451435695,27.528663066383615,27.868172583957616,181800
2023-12-08,27.868173599243164,28.20297029232087,27.66069545323401,27.726711145200888,230200
2023-12-11,27.10427474975586,27.976629842364463,27.057121198281962,27.72671098293328,231500
2023-12-12,26.312082290649414,27.009965270539883,26.293220150946052,27.009965270539883,360600
2023-12-13,28.349145889282227,28.349145889282227,26.189481314346924,26.406390519043125,321700
2023-12-14,28.518901824951172,29.28280048309655,28.462317205516268,28.735811031778823,256500
2023-12-15,28.113372802734375,28.97158029750325,28.066219256390255,28.877273204815015,271100
2023-12-18,27.5003719329834,28.500042019221972,27.481509792029726,28.330288147017235,200400
2023-12-19,28.424591064453125,28.669793464330034,27.792723825983682,27.924756994405097,230200
2023-12-20,28.188819885253906,28.999873843147405,28.14166633835929,28.452884424724292,228000
2023-12-21,29.075321197509766,29.245076847901817,28.44345394260188,28.669794210193768,223100
2023-12-22,29.12247657775879,29.56572787029234,28.858413815016412,29.24507868799717,187400
2023-12-26,29.311092376708984,29.51857050452029,28.97158107775181,29.06117533652803,169200
2023-12-27,29.782636642456055,29.876945541525565,29.206411409704597,29.35824749603959,139600
2023-12-28,29.77320671081543,29.999546997959015,29.61759855037602,29.754344570521955,137300
2023-12-29,28.52833366394043,29.72605256683098,28.36800907222443,29.72605256683098,180400
2024-01-02,27.755002975463867,29.179062112771994,27.655979442437296,28.377439181334623,315900
2024-01-03,26.89679527282715,28.179390157078725,26.871331564823617,27.472076127245703,316300
2024-01-04,27.604110717773438,27.868173484554237,26.849641301331765,26.972243413445156,262100
2024-01-05,27.490938186645508,28.122805456747834,27.196695292062664,27.39662928984958,174600
2024-01-08,27.651262283325195,27.717277970278932,26.642161242649358,27.330613119156276,203500
2024-01-09,27.05712127685547,27.60411074998749,26.83078099129663,27.462648296362307,219200
2024-01-10,26.868501663208008,27.05240302041409,26.293219018579695,26.859070593762496,327500
2024-01-11,26.01972770690918,26.99110636788145,26.000865566200726,26.783626417673982,195700
2024-01-12,27.19769287109375,27.952920553292532,26.447216062754997,26.447216062754997,336900
2024-01-16,27.15969467163086,27.226192409594706,26.646709015462676,26.779706303317834,237800
2024-01-17,26.950702667236328,27.00770047192338,26.333219504071018,26.599212279156497,188200
2024-01-18,26.82720184326172,27.14164189633233,26.504211305225535,26.998197047154676,176100
2024-01-19,26.010223388671875,26.96019505360686,25.915227671720103,26.96019505360686,253600
2024-01-22,26.428213119506836,26.504210785087015,26.029224922229083,26.114722522497694,235300
2024-01-23,26.751205444335938,26.969698521033614,26.181222008315014,26.722705638360303,169800
2024-01-24,26.40921401977539,27.188192379583118,26.323716417015117,27.188192379583118,120900
2024-01-25,25.877229690551758,26.73220388459746,25.801232024679415,26.73220388459746,145700
2024-01-26,25.639738082885742,26.20972151234014,25.620738212454206,26.114723972109843,189200
2024-01-29,26.798702239990234,26.81770210988272,25.43074422242299,25.601739427600727,201400
2024-01-30,25.79173469543457,26.72270664939937,25.79173469543457,26.713208525642198,141300
2024-01-31,25.620738983154297,26.713208010774302,25.535241375567907,25.554241246570975,180400
2024-02-01,26.447214126586914,26.447214126586914,25.62073789241286,25.65873763280125,190900
2024-02-02,25.8392333984375,26.16222395181252,25.6302384451199,26.16222395181252,160000
2024-02-05,25.326248168945312,25.668238598462157,24.784764530161926,25.611238985591065,287700
2024-02-06,25.753732681274414,26.646704750916662,25.51148888954349,26.14322092295239,286300
2024-02-07,24.87026023864746,25.2407486343849,23.454802575115355,24.699265036944862,682300
2024-02-08,25.02225685119629,25.35474733686137,24.62326863078367,24.699266300770486,282500
2024-02-09,25.145748138427734,25.62073394860381,24.803759587211367,25.174247939332044,243300
2024-02-12,26.05772590637207,26.233470176248808,24.97475866982832,24.97475866982832,215400
2024-02-13,24.68976402282715,25.536189509480845,24.509268894262096,25.38324292214656,319400
2024-02-14,24.74676513671875,24.917760353885036,24.404776514313625,24.89876048266046,213800
2024-02-15,25.221750259399414,25.235049806456473,24.376275947468095,24.77526417110721,236800
2024-02-16,24.594768524169922,25.098254214127458,24.40477525749098,25.098254214127458,303600
2024-02-20,24.167280197143555,24.48837000368155,23.982036008297513,24.433271109567738,230100
2024-02-21,23.720792770385742,24.048534167537166,23.350304386051672,23.967785630584196,305700
2024-02-22,23.264808654785156,23.75879441482341,23.23630884911578,23.749294479600287,241000
2024-02-23,24.06278419494629,24.110282057359385,23.008314979644357,23.331305517449863,232900
2024-02-26,23.939287185668945,23.96778517658423,23.625796602110462,23.948785308022575,161300
2024-02-27,24.433271408081055,24.718264004495257,24.024785100163633,24.091282829082118,216800
2024-02-28,24.214780807495117,24.556771233093507,23.910790123375396,24.224280742864785,204200
2024-02-29,24.40477752685547,24.889263391618538,23.73029656581874,24.72776810336418,625900
2024-03-01,25.658735275268555,25.658735275268555,24.167280028679144,24.7467615209404,550500
2024-03-04,26.010223388671875,26.625805708834356,25.77273047243813,25.915227671720103,285700
2024-03-05,26.36172103881836,26.969702493770654,25.61124234492492,26.03873043789304,347900
2024-03-06,26.675207138061523,26.817702540689616,26.14322345601722,26.428214261273403,238700
2024-03-07,26.73220443725586,27.078943908212338,26.608708907132897,26.941199381671005,167800
2024-03-08,27.083696365356445,27.359187246475766,26.67995726126319,27.06469649440272,253300
2024-03-11,27.083696365356445,27.618530230404588,26.950700892535217,27.264191515561986,174500
2024-03-12,26.570711135864258,27.083696788056557,26.462415855978172,27.083696788056557,119900
2024-03-13,27.15969467163086,27.31169001895607,26.504213603836224,26.504213603836224,158200
2024-03-14,26.371213912963867,27.131190528121888,26.07672320108103,26.969695270909913,138500
2024-03-15,26.38071632385254,26.785403048752098,25.71573536421329,26.20022118133434,348200
2024-03-18,26.190719604492188,26.63245659206139,26.02922434224186,26.40921266167579,171900
2024-03-19,26.076725006103516,26.75690439554082,25.64923699803206,25.886729933199025,138400
2024-03-20,27.340187072753906,27.51118046232925,25.95322740317605,26.029225069185298,273400
2024-03-21,27.311689376831055,27.64417987076057,27.036196683826553,27.482684591533516,175600
2024-03-22,26.694204330444336,27.178690100320793,26.361713883047493,27.178690100320793,201900
2024-03-25,26.988697052001953,27.539680590022382,26.751204116442675,26.751204116442675,250600
2024-03-26,26.912700653076172,27.349688617295868,26.475714500783862,27.349688617295868,192900
2024-03-27,28.546649932861328,28.546649932861328,27.11219420645802,27.2546896044268,350000
2024-03-28,29.154634475708008,29.496623084868574,28.309158358232523,28.66064871456484,410900
2024-04-01,29.54412269592285,29.848113375362765,29.21163221081268,29.487124896509712,332300
2024-04-02,29.126134872436523,29.586871769390747,28.97413953132475,29.51562316052637,196600
2024-04-03,30.08560562133789,30.25660082753281,28.888640989900782,29.116633994184898,264900
2024-04-04,29.18313217163086,30.817082966509876,29.116634437526386,30.228101482789675,378800
2024-04-05,31.092578887939453,32.22304410929523,29.10713753355487,29.10713753355487,614900
2024-04-08,37.08689498901367,37.5808806939077,33.25850668204853,33.363004145910345,1758300
2024-04-09,35.8519401550293,38.36936344932811,35.353203471139615,37.46688944335661,1178000
2024-04-10,37.79937744140625,38.74934920747011,34.84496466913088,35.02545800009533,1262700
2024-04-11,38.04636764526367,38.92984165762228,37.60938151248651,38.483353778040836,948400
2024-04-12,38.63534927368164,40.354799443127156,38.12236728359943,38.47385581588002,1160000
2024-04-15,37.107879638671875,38.92174714248013,36.56372011588201,38.82627832336423,668900
2024-04-16,35.799991607666016,37.48975164855947,35.78089784179698,36.907404535725945,926000
2024-04-17,35.09353256225586,36.1723065309711,34.902602210352725,35.628147016168505,744800
2024-04-18,35.208099365234375,36.067296977111944,35.10308547403787,35.19855066143644,400800
2024-04-19,36.25822830200195,36.35369712407675,34.9503363945643,35.074444042379945,358400
2024-04-22,35.52313232421875,35.8954516003734,35.24627822182988,35.799986426607624,345600
2024-04-23,36.029117584228516,36.70692996794538,35.322662727306266,35.45631546305169,420400
2024-04-24,36.48735427856445,36.58281947050683,35.20810104101301,35.78089947619452,298800
2024-04-25,36.7928466796875,37.42197226304775,35.89545786589383,36.22959331592298,423100
2024-04-26,38.30121612548828,38.39668495348048,36.75465752964877,36.75465752964877,547600
2024-04-29,39.189056396484375,39.73321597265017,38.3680426803708,38.3680426803708,645100
2024-04-30,38.25347900390625,39.103131442755746,38.01481242482435,38.90265239035006,594700
2024-05-01,38.93129348754883,39.53273432164505,37.62340157751004,38.186654882700395,505800
2024-05-02,39.48500442504883,39.88596258062408,38.56852551936529,39.20815028423918,474600
2024-05-03,39.446815490722656,40.048256344460434,39.22724265498802,39.83822857038238,333400
2024-05-06,39.2940673828125,40.468306573109814,39.284522321551634,39.905053272876486,397800
2024-05-07,38.5112419128418,40.21054690378804,38.50169685141812,39.41817570214667,501200
2024-05-08,36.42052459716797,36.84057650190785,33.41332398207582,33.585164225324704,1496200
2024-05-09,39.007667541503906,39.561372129336696,36.40142884984236,36.46825520282627,669200
2024-05-10,35.47541046142578,39.23679552799997,35.19855627534488,38.96949004723995,840200
2024-05-13,35.43721389770508,36.54462671820326,35.27492236622665,35.63769659897559,389500
2024-05-14,37.9957275390625,38.072102610259726,35.66634249400469,35.7045300296033,573400
2024-05-15,35.60905838012695,37.155617032168735,35.370391764118374,36.410978355586316,663300
2024-05-16,35.40857696533203,35.70452486073175,34.92169870310753,35.609056035556044,463500
2024-05-17,37.012420654296875,37.19380597832215,35.905007659599846,36.09594168801596,494600
2024-05-20,37.499290466308594,37.82387714850581,36.68782558169699,37.23198507218014,346600
2024-05-21,36.90739822387695,37.83342568045837,36.75465176481059,37.594759110557,236400
2024-05-22,37.451568603515625,38.348953856286265,36.96469026169932,37.317915868184244,342200
2024-05-23,36.640098571777344,38.04345574627877,36.63054986809799,37.442018517962474,295000
2024-05-24,36.27732467651367,37.41528835353031,36.21049831713486,36.888310614699115,266700
2024-05-28,37.671138763427734,38.36327415267122,36.315514097759625,36.64964591204017,294700
2024-05-29,36.70692443847656,37.65204215131333,36.410976538361425,37.31791036228283,207300
2024-05-30,36.27732467651367,37.2319911153693,36.12457819196731,36.96468567785403,168800
2024-05-31,36.22004699707031,36.80239416562348,35.866821399104744,36.754661567265515,279900
2024-06-03,35.37038803100586,36.76420004736498,35.198547794275214,36.76420004736498,309800
2024-06-04,33.637672424316406,35.78089755147858,33.6138043067329,35.29401927194067,619100
2024-06-05,33.87156677246094,34.358448723822406,33.12692807245359,33.77610157975977,526000
2024-06-06,34.482547760009766,34.4920964629574,33.51833634279805,33.63289528582764,453700
2024-06-07,33.45151138305664,34.45391037030002,33.36559126176359,33.92884458095951,313000
2024-06-10,33.69972610473633,34.02431285446495,33.23194156768731,33.45151442165614,165600
2024-06-11,32.783241271972656,33.3751333652175,32.47774834373254,33.3655883044813,503100
2024-06-12,32.487300872802734,33.81428676773005,32.31546060594385,33.66154026849591,294600
2024-06-13,31.943138122558594,32.43002004503808,31.74743339660137,32.35364498199681,350500
2024-06-14,31.07439613342285,32.14839602495888,30.92642398039791,31.83812866127346,309900
2024-06-17,31.13167381286621,31.422847374222815,30.759354476512137,31.103034984458525,216700
2024-06-18,31.895410537719727,31.924049369975766,30.663889766013828,31.13167799619189,248700
2024-06-20,32.52548599243164,33.34649973050109,32.363194442320186,32.43002080316179,492500
2024-06-21,31.924047470092773,32.29637047608345,31.74266214032588,32.29637047608345,581400
2024-06-24,32.45866394042969,32.81188955773456,31.799945306791308,32.35365003323429,331500
2024-06-25,32.09588623046875,32.61331529092846,31.9049522049705,32.35364661862684,246700
2024-06-26,31.704477310180664,32.095890475426195,31.484904426434543,31.876317591680078,243900
2024-06-27,30.89300537109375,32.04815084422686,30.721165127283154,32.04815084422686,364900
2024-06-28,30.902549743652344,31.503990583577995,30.577963028332828,30.97892480220434,668000
2024-07-01,31.007564544677734,31.332151269590092,30.768897942294043,31.169859728015584,228600
2024-07-02,30.835725784301758,31.117354282391325,30.472953332399676,30.873913316545007,250600
2024-07-03,31.618553161621094,31.685379524648724,30.869140111870983,31.169862387258966,195600
2024-07-05,32.04814910888672,32.840523928192745,31.26532299247719,31.790388757128003,537100
2024-07-08,31.847675323486328,32.210449616606596,31.637647526138217,32.01951558645047,221300
2024-07-09,32.19135284423828,32.210446609647796,31.389432905855585,31.79039105416524,295500
2024-07-10,32.783241271972656,33.41332089168826,32.01950895137237,32.219988002699395,391100
2024-07-11,34.09113693237305,34.21047023469171,32.754606131462026,33.44196347641844,389900
2024-07-12,34.262977600097656,34.80713717401667,34.12455053069532,34.32025889694934,316400
2024-07-15,34.549381256103516,34.94652289192256,34.138874346805245,34.57802372910462,251800
2024-07-16,35.66633987426758,36.029114152280506,34.74986093780042,34.75940600011706,362500
2024-07-17,35.026710510253906,35.78089787484182,34.80713766520239,35.60905762362525,385100
2024-07-18,35.2090950012207,35.38187711115674,34.671550252339244,34.88272920042196,323000
2024-07-19,35.12269973754883,35.23788657646217,34.57075715593188,34.97871344261446,327800
2024-07-22,35.660247802734375,35.67944255960334,34.47956886047666,35.285884132758746,266500
2024-07-23,36.130592346191406,36.389765476662475,35.51625766435934,35.746635000908135,342800
2024-07-24,35.698638916015625,36.92731200291764,35.698638916015625,35.96741309906617,279000
2024-07-25,35.15149688720703,35.439465826455596,34.12632409469632,35.343477400613985,334600
2024-07-26,36.86012268066406,36.91771427656063,35.70824316032005,35.77543579668208,295800
2024-07-29,36.245784759521484,37.03290531114552,35.52682354036517,37.03290531114552,162700
2024-07-30,36.1785888671875,36.6777367434851,35.79463149738273,36.34177358719045,187100
2024-07-31,36.89851379394531,37.340070087562935,36.447363783846825,36.63934064173188,256500
2024-08-01,35.08430099487305,36.984900211277214,34.50164390750404,36.66813550607155,286800
2024-08-02,33.87483215332031,34.517962641482704,33.29889063169833,34.517962641482704,401700
2024-08-05,33.12610626220703,33.23745560783635,30.4767871625427,31.39828913966739,535500
2024-08-06,33.366085052490234,33.95258335479155,32.86694083334869,33.308493460440566,208700
2024-08-07,32.77095031738281,34.18200297793912,32.55017399323523,33.82684138359074,209000
2024-08-08,33.404483795166016,33.60606170229413,32.9389322036625,33.41408483553822,170500
2024-08-09,32.425384521484375,33.538867128246736,32.3485945115648,33.538867128246736,246900
2024-08-12,33.23169708251953,33.711646506375715,32.77094607502442,32.77094607502442,245400
2024-08-13,33.48127746582031,33.937228016877704,32.97828840804997,33.18370746363847,290500
2024-08-14,32.77095031738281,33.73084928935876,32.40618768274924,33.73084928935876,163600
2024-08-15,33.058921813964844,33.59166607723853,33.030126014347104,33.41408709729681,127600
2024-08-16,34.268394470214844,34.4891707971864,33.13571337585713,33.18370759272503,318800
2024-08-19,34.700347900390625,34.911523175725584,34.35478369855762,34.46037316708702,266500
2024-08-20,34.77714157104492,35.27628950825572,34.613960492852044,34.930725270054076,210900
2024-08-21,35.64105224609375,35.89542490485873,34.681153209713166,35.19949590644827,284700
2024-08-22,34.75794219970703,35.621852771567866,34.32598691377661,35.2858859217446,497400
2024-08-23,36.053802490234375,36.13059249491771,34.82512945978904,34.9883141700419,329400
2024-08-26,35.29547882080078,36.764122792468775,35.14189516142193,36.476153888848835,595400
2024-08-27,35.16109848022461,35.29548374320744,34.43157325014097,35.26668794734649,264000
2024-08-28,34.53716278076172,35.170695922933994,34.373981721617916,34.68114908377879,237800
2024-08-29,34.27798843383789,35.017111017482804,34.249192638930836,35.017111017482804,370700
2024-08-30,37.40726089477539,37.67603141207813,33.59646113178942,36.04420256761791,1012900
2024-09-03,38.328765869140625,39.54783799103629,36.95611005969958,37.24407901613167,821500
2024-09-04,38.703125,38.899906040490855,37.92560553973378,38.27116974429654,372700
2024-09-05,41.78439712524414,41.90918500507786,38.91430152113404,39.211867830791235,720900
2024-09-06,42.101173400878906,42.177963421661424,41.208466981220646,41.81320441492689,697400
2024-09-09,41.889991760253906,42.523524953575176,41.458036478052115,42.36994126009499,314300
2024-09-10,41.99557876586914,42.17795824686032,41.38124402808425,41.976380347597875,262900
2024-09-11,42.3603401184082,42.40833433178419,40.229363356655725,41.755602777044224,420600
2024-09-12,44.04975891113281,44.91846622368705,42.61951163394597,42.61951163394597,525600
2024-09-13,45.03845977783203,45.48001610520766,44.30893814161321,44.58730973324208,339800
2024-09-16,43.0130729675293,45.48961033714894,42.14916245386903,45.038456662045924,549900
2024-09-17,42.64830780029297,43.67539931543228,42.09156468875461,43.23384670666137,320800
2024-09-18,41.52522659301758,43.32983762809802,41.41964078531363,42.40833552318524,594500
2024-09-19,41.68840789794922,42.858522648839156,41.26605371660247,42.6003125498141,526100
2024-09-20,41.32365036010742,43.11866042757465,41.218060886422755,41.56362510512747,720200
2024-09-23,41.15086364746094,41.66920991753379,40.79570208984373,41.32364573748522,291700
2024-09-24,41.2276611328125,41.86119430099566,40.69011639609917,41.15086745825748,265500
2024-09-25,41.794002532958984,41.880393587762185,41.09039493907326,41.1508683112631,223200
2024-09-26,42.936279296875,43.25784456408529,42.091567201439666,42.283547722455495,206900
2024-09-27,43.185855865478516,44.4529222010292,42.97947744239967,43.46422378125142,262200
2024-09-30,42.389137268066406,43.22424832499943,42.13956515350527,43.22424832499943,155200
2024-10-01,42.64830780029297,42.74429622420885,41.46763260985406,42.56191675407921,294300
2024-10-02,42.888282775878906,43.17625171105615,42.15875756759128,42.54271858897673,253200
2024-10-03,42.81148910522461,42.821090144706886,42.16835860541156,42.49472437505923,232500
2024-10-04,42.25475311279297,43.56501315671123,42.235554693979736,43.29144209663964,237900
2024-10-07,40.58452224731445,42.36993469599681,39.71101443939953,42.17795419345785,260000
2024-10-08,40.140869140625,40.56523437069023,39.56219396397048,40.50736538137396,270700
2024-10-09,39.330726623535156,40.025139866001034,39.157123312918685,39.97691754174702,176600
2024-10-10,39.87082290649414,39.87082290649414,38.82920312938402,39.48503698627694,213200
2024-10-11,40.439857482910156,40.86421907669224,39.957626893969305,39.96726988693206,197900
2024-10-14,40.42056655883789,40.661681845798064,39.927725381774344,40.304832251252655,71700
2024-10-15,39.98655700683594,40.85457348333109,39.957624350661824,40.43985490890865,135800
2024-10-16,41.259647369384766,41.64543330617555,40.07336058057505,40.43021018067374,159400
2024-10-17,41.1053352355957,41.34645053513671,40.521836652201756,41.34645053513671,135700
2024-10-18,42.002281188964844,43.05450789198306,41.17766736993897,41.36573699467502,225600
2024-10-21,40.2180290222168,42.43628883935779,40.01549307211038,42.40735618337892,211200
2024-10-22,39.66828918457031,40.623103688150785,39.66828918457031,40.28554374832484,143700
2024-10-23,38.125152587890625,39.55255481708877,37.7007909562245,39.44646716851805,311700
2024-10-24,38.134796142578125,38.68357479237474,37.7779428551125,38.44342342748587,242500
2024-10-25,37.66220474243164,38.74240013060251,37.45966879698593,38.27945924995785,151200
2024-10-28,38.163726806640625,38.39519909779003,37.893678866239036,37.93225819461848,100400
2024-10-29,37.8936767578125,38.45306227168086,37.4886011906215,37.94189907604006,122800
2024-10-30,37.710426330566406,38.35661716001643,37.61880503080728,37.69114034681596,107500
2024-10-31,37.46931457519531,37.73936620166386,37.073885646962545,37.46931457519531,333500
2024-11-01,35.95511245727539,37.95154685241982,35.569330183694,37.79723320716175,420500
2024-11-04,36.50484848022461,36.765253399579976,35.89724068085562,36.070843960425854,187100
2024-11-05,36.30231475830078,37.19444052874367,36.25409243973331,36.678453993904924,198300
2024-11-06,36.29267501831055,36.99673123403963,35.29927750699556,35.49217047767703,340700
2024-11-07,30.467329025268555,34.710959717041575,30.20692406344759,32.2612274206169,1378600
2024-11-08,30.457683563232422,31.725950512205493,29.97545298000229,30.727733352084222,793800
2024-11-11,30.19727897644043,30.293725462179804,28.480539256447166,30.293725462179804,622900
2024-11-12,29.358196258544922,30.51554846926673,29.223170454288045,29.724690665382607,380200
2024-11-13,29.174949645996094,30.361236413247106,28.91454469526383,29.54144407181052,414700
2024-11-14,28.499826431274414,29.334086950244128,28.152621665928773,29.068858660625256,339600
2024-11-15,27.872926712036133,29.17494962520599,27.4871426220949,28.856677521059016,300100
2024-11-18,27.86328125,28.294395857551372,27.72825728146366,27.96937256217204,330100
2024-11-19,29.0206356048584,29.367842200988665,27.55465424293462,27.795769525899836,427400
2024-11-20,29.734336853027344,29.898295320301866,28.63485174281209,28.89525485237216,302900
2024-11-21,28.847034454345703,29.89829731350167,28.77952246441961,29.75362850086522,208500
2024-11-22,28.683073043823242,28.895253824694194,28.114040844671038,28.895253824694194,231800
2024-11-25,29.155658721923828,29.271394863770112,28.210487281839505,28.760229816591334,223600
2024-11-26,28.808456420898438,29.08814920812618,28.538406626709822,28.914545900402334,192700
2024-11-27,29.39677619934082,29.830784464312504,28.96276977393284,29.14601607286426,246700
2024-11-29,29.22317123413086,29.96580673888904,29.084289700963502,29.416064194180432,85300
2024-12-02,28.9241886138916,29.271395203901406,28.31175558520813,29.271395203901406,179200
2024-12-03,28.65414047241211,28.856678274647788,28.374447689736936,28.856678274647788,194600
2024-12-04,28.702363967895508,29.416064996236894,28.21048856196489,28.432314184375663,256400
2024-12-05,29.039926528930664,29.252107324902923,28.480539121764064,28.73129924767512,164700
2024-12-06,27.728260040283203,29.178809433733367,26.918112469332435,29.03992788650136,529500
2024-12-09,27.77648162841797,28.866323806892936,27.699324806544286,27.76683863530203,231400
2024-12-10,27.583589553833008,27.916327991909753,27.381051753587055,27.62216704367377,165300
2024-12-11,27.323183059692383,27.959727242494168,27.24602624479409,27.54500867257952,259000
2024-12-12,27.18815803527832,27.80541253043951,26.8409514619684,27.111001223383173,246800
2024-12-13,27.40998649597168,27.516077813219773,26.300856519558327,26.91811107904464,319700
2024-12-16,27.004911422729492,27.409985167652977,26.619127341746076,27.352118015396368,328600
2024-12-17,26.281566619873047,27.15922612863766,26.223699465329137,26.80237652945926,335500
2024-12-18,26.088672637939453,27.13511391283175,25.799335036902438,26.532325711034964,315800
2024-12-19,25.12421226501465,26.503392006223965,24.90238664162727,26.165830235228928,558100
2024-12-20,24.873455047607422,25.500354455072763,24.670917240527512,25.037411684417425,555500
2024-12-23,24.4490909576416,24.950611206105684,24.285132485626946,24.76736306925079,317200
2024-12-24,25.027767181396484,25.104923998590266,24.12117319969683,24.429800468471957,151800
2024-12-26,25.42319679260254,25.485885443581648,24.458735631603215,24.989188534327372,148400
2024-12-27,25.191726684570312,25.428018642141083,24.805940743161887,25.278526497867134,162400
2024-12-30,25.17243766784668,25.321927976406712,24.37386280887709,25.07599118001081,206700
2024-12-31,26.42623519897461,26.464814528048212,25.326750074268134,25.403906892851683,262100
2025-01-02,26.7927303314209,27.187193468967962,26.231413258309203,26.53232538990123,276800
2025-01-03,27.21709442138672,27.342475407632847,26.52268301912884,26.889177465985117,151400
2025-01-06,26.638418197631836,27.246027922422982,26.42141406750511,27.19780559997868,310200
2025-01-07,26.52268409729004,27.163085933805796,26.271923954168,26.667352915362493,183200
2025-01-08,26.850597381591797,26.918109364790716,25.548574518475203,26.32978750051973,178000
2025-01-10,27.082067489624023,27.197803630498683,26.445523313722287,26.705928251017603,198900
2025-01-13,26.744508743286133,27.082070532571894,26.141720490834334,27.082070532571894,160200
2025-01-14,26.987375259399414,27.152524854060033,26.64250279356878,27.04566280665383,182400
2025-01-15,27.123380661010742,27.65768720217458,27.094235960374846,27.579969853406606,187600
2025-01-16,26.861085891723633,27.157383884756445,26.637648729181077,27.00680569977626,151000
2025-01-17,26.50164222717285,26.880514075894553,25.79246932558679,26.817368150131678,180700
2025-01-21,26.686220169067383,27.079665300578224,26.44335321569897,26.618217718592675,184700
2025-01-22,26.22962760925293,26.720217977026753,26.190768012278433,26.647359012090924,171500
2025-01-23,26.666791915893555,26.75422416633998,26.171343114339727,26.171343114339727,165900
2025-01-24,26.491926193237305,26.7542229324799,26.132482307653635,26.618216186431315,120100
2025-01-27,26.38506317138672,26.739648667432373,25.666177279727744,26.521068059478853,155200
2025-01-28,26.113054275512695,26.695935340089353,26.026594810287733,26.385065933095888,126900
2025-01-29,26.30734634399414,26.45306613451336,25.879900019267122,26.025621662714006,158700
2025-01-30,27.42453384399414,27.715975277628495,26.54049834919916,26.54049834919916,331100
2025-01-31,27.366247177124023,27.885982286259654,26.919371039040612,27.424534724551346,223800
2025-02-03,27.123380661010742,27.832551700134452,26.71536411674695,26.97766086368676,298000
2025-02-04,26.88051414489746,27.579970295008685,26.52107024301044,27.24967109422422,455600
2025-02-05,26.919370651245117,27.910268207873546,26.85622658116171,26.899942704334368,483400
2025-02-06,27.492538452148438,27.78397990871063,26.78336739115771,27.084521895303613,414600
2025-02-07,27.764549255371094,29.309183183657318,25.40388223844582,27.686831906592506,786700
2025-02-10,28.240568161010742,28.740873476419296,27.585799082665208,27.793693870146353,337700
2025-02-11,27.910268783569336,28.56115226816129,27.715976339960353,28.23085307580551,240600
2025-02-12,27.871410369873047,28.26971200061868,27.342931304149257,27.589683831921032,206700
2025-02-13,28.17256736755371,28.532011283738345,27.672262022756485,27.919985506734648,328100
2025-02-14,26.793081283569336,28.413488828195227,26.559929238848703,28.191995404820883,308600
2025-02-18,26.89994239807129,27.463393616477326,26.617244928301872,26.919370344760846,338700
2025-02-19,26.423925399780273,27.31767586676211,26.404495598710973,26.861084806272633,229900
2025-02-20,26.666791915893555,27.201098466019246,26.423924965304096,26.423924965304096,351600
2025-02-21,26.006193161010742,27.152525448709795,25.743896413229887,26.977660950189225,319800
2025-02-24,25.76332664489746,26.132483595675374,25.427198131985605,26.05476624535751,233500
2025-02-25,26.550212860107422,26.653189313577954,25.442740246128206,25.67589227786448,335600
2025-02-26,26.6279296875,27.055375997188865,26.40449255970285,26.40449255970285,260900
2025-02-27,26.57935905456543,26.62793170239585,26.006192916113342,26.511356606431747,216400
2025-02-28,26.404495239257812,26.521070338231006,26.064481136885046,26.511357290756397,260300
2025-03-03,25.44274139404297,26.608501605320615,25.374738946667737,26.608501605320615,285900
2025-03-04,25.773040771484375,26.09362506353621,24.986150538598096,25.258162183007546,207000
2025-03-05,26.30734634399414,26.394778588891207,25.83132737340327,25.97704716392249,195500
2025-03-06,26.433637619018555,26.7056492666811,26.074195575139655,26.24906007342788,249200
2025-03-07,26.88051414489746,27.123381095302054,25.84298576195108,26.52107024301044,177600
2025-03-10,26.657075881958008,27.677116289886605,26.015907307901,27.103950162634472,226200
2025-03-11,26.569644927978516,27.63825988770968,26.151913473934968,26.82222678049154,216200
2025-03-12,26.08390998840332,26.516212849474137,25.754581732580284,26.50164142586474,171200
2025-03-13,26.52107048034668,27.084521736210533,25.797327999303803,26.083911077462957,225200
2025-03-14,26.95823097229004,27.133095469659818,26.564785853208033,26.8416540230676,195400
2025-03-17,27.1622371673584,27.531395946828017,26.7153628956009,27.12337942121446,141500
2025-03-18,27.987985610961914,28.065702957545348,26.48221132606005,27.094235198788606,279400
2025-03-19,28.522294998168945,28.64858499598291,27.832551901549955,28.00741640077527,231100
2025-03-20,28.541723251342773,29.037172053475654,28.179366546281184,28.328001001628266,193100
2025-03-21,27.609113693237305,28.49217826864557,27.026232669186875,28.2017096171968,759800
2025-03-24,27.50225257873535,28.07541872229128,27.29144498764377,27.56054198016419,137800
2025-03-25,27.375961303710938,27.696545584895112,27.14280926766133,27.482823348414886,174700
2025-03-26,26.80279541015625,27.59939866985948,26.71536316429344,27.405104378402633,131000
2025-03-27,27.59939956665039,27.657687114810315,26.64250320746355,26.763936680337913,147500
2025-03-28,25.695323944091797,27.861696684361274,25.27759249536415,27.647972583378138,347400
2025-03-31,24.646137237548828,25.44274048330562,24.228405815279373,25.306733740495876,365100
2025-04-01,24.519847869873047,24.75299992732099,24.055485623355725,24.519847869873047,243000
2025-04-02,24.54899024963379,24.629622249984543,23.990395557618424,24.28669351496948,230900
2025-04-03,22.547765731811523,23.90296369640204,21.469437782429214,23.752387380066,507000
2025-04-04,21.644302368164062,22.47393592446312,20.672834607791078,21.94545685505993,541200
2025-04-07,20.478540420532227,22.198038809994333,20.284246126280976,20.935129603216637,481400
2025-04-08,20.28910255432129,21.595725906252277,20.177383994380204,21.061419427764037,479300
2025-04-09,22.227182388305664,22.50890893894536,20.012236996198933,20.187101496192152,455000
2025-04-10,21.4840087890625,21.790021645146336,20.8282688075248,21.790021645146336,284800
2025-04-11,23.140363693237305,23.49494923311277,21.411152120854364,21.566586827294902,454700
2025-04-14,22.100893020629883,23.4900923069665,21.877455865563554,23.072360845712513,261300
2025-04-15,22.23810386657715,22.58113360008388,22.032285278728448,22.100890851557462,322800
2025-04-16,23.36520004272461,23.649423398216147,22.27730632869729,22.287107391902055,242300
2025-04-17,23.10057830810547,23.634724133449556,22.816354935833797,23.384803549738916,213900
2025-04-21,23.61022186279297,23.77683620453512,23.05157432558744,23.05157432558744,366300
2025-04-22,24.13946533203125,24.472694003405078,23.414203479441646,23.806238530019087,252600
2025-04-23,24.315881729125977,24.933335650579785,24.15906845020222,24.47269500804973,203500
2025-04-24,24.560903549194336,24.68831551101859,24.065961971207905,24.384488137044936,169300
2025-04-25,24.462892532348633,24.698114306518043,23.953250339945928,24.306079262476782,142400
2025-04-28,23.865041732788086,24.605004204970495,23.7670329755116,24.315879399153726,271700
2025-04-29,23.61022186279297,24.21787284842077,23.041773262030638,23.845441780070995,331000
2025-04-30,23.874845504760742,23.9973559979184,23.012370586088217,23.306396891283665,171700
2025-05-01,23.737632751464844,24.3060813714126,23.67882823750109,23.933650290493087,176600
2025-05-02,23.747432708740234,24.209052888717146,23.375001645175725,23.96305236549595,261100
2025-05-05,23.590618133544922,24.036556213604378,23.335796106459288,23.747431401080448,324000
2025-05-06,23.669025421142578,24.110063916620437,23.355398877407946,23.610220911532746,215100
2025-05-07,23.404401779174805,23.727829378544353,22.943763037455028,23.727829378544353,320500
2025-05-08,20.297534942626953,22.62033441027454,19.361554972634437,21.277618759136875,1030100
2025-05-09,21.160011291503906,21.34622775364548,19.773191692688016,20.562159521627184,788000
2025-05-12,21.41483497619629,22.296910169467704,20.782680371096415,21.836271379596205,351200
2025-05-13,22.14989471435547,22.261624583931,21.28741990558269,21.679454929222064,388900
2025-05-14,21.44423484802246,22.238104150687676,21.375629274316953,22.14989645039154,357200
2025-05-15,20.758176803588867,21.32172391096538,20.557259683678694,21.316824314101954,270700
2025-05-16,21.003198623657227,21.062003135209046,20.530797832077425,20.75817764460264,209100
2025-05-19,20.650367736816406,20.939492565771925,20.547459374653013,20.816982076712158,153000
2025-05-20,20.591564178466797,20.777780653877024,20.503356472712575,20.66997082031924,219500
2025-05-21,19.91530418395996,20.547458736522717,19.89570205767236,20.434749314411487,271200
2025-05-22,19.425264358520508,19.895704224488036,19.35665877840381,19.876103965427447,221100
2025-05-23,19.738889694213867,19.87610271517813,19.209645345631465,19.278250921432726,263900
2025-05-27,20.640565872192383,20.98359560211717,19.797695011343684,19.827096331185306,306500
2025-05-28,19.572275161743164,20.58862282736733,19.503669586608193,20.581762269853833,366500
2025-05-29,19.366458892822266,19.85650086317902,19.337055701630625,19.74869103150477,201800
2025-05-30,19.337055206298828,19.582076185200826,19.003826525443174,19.366458396737286,240000
2025-06-02,20.405345916748047,20.434749105879398,19.258647711688294,19.258647711688294,326500
2025-06-03,19.885902404785156,20.29753583115151,19.729087267466383,20.29753583115151,191500
2025-06-04,19.993711471557617,20.247553967981037,19.84669925833121,19.934906960139397,157900
2025-06-05,20.22892951965332,20.49845406661583,19.856498489227505,19.89570087010107,221900
2025-06-06,20.503355026245117,20.689571488518173,20.160325291330015,20.366143880023742,195700
2025-06-09,20.86598777770996,21.189415400001597,20.75327648066374,20.758177947158835,172500
2025-06-10,21.08160400390625,21.434434790881593,20.954192055559997,21.032598689403226,145000
2025-06-11,21.169811248779297,21.37072836054909,20.905188164196183,21.150209123396497,202900
2025-06-12,20.836584091186523,21.34622817157222,20.7973798376053,21.02280055697393,160800
2025-06-13,21.777463912963867,22.051888082066466,20.5817622099287,20.591563273399693,357700
2025-06-16,21.150209426879883,22.218500973871034,21.092384464723988,21.86567018936413,291300
2025-06-17,20.98359489440918,21.419731904725683,20.875785073661614,21.09140471515675,166400
2025-06-18,20.87578773498535,21.267822817004944,20.82678428441381,20.98359756947692,147800
2025-06-20,20.562158584594727,21.16001032722691,20.473950889145335,21.03259838075042,646500
2025-06-23,20.32693862915039,20.797378423978415,20.130922982652834,20.47395083136395,189100
2025-06-24,20.98359489440918,20.998295553834186,20.189727506312156,20.41514634118291,184400
2025-06-25,21.11100959777832,21.20901649922705,20.679772127829008,20.875787800088283,139200
2025-06-26,21.473636627197266,21.490298246768543,20.92479020424799,21.228615668996145,111400
2025-06-27,20.738574981689453,21.473637899857167,20.72877391845715,21.473637899857167,911900
2025-06-30,21.73826026916504,21.95975905656542,20.787577730529918,20.846384107949266,314600
2025-07-01,22.022483825683594,22.644837305754436,21.483438446402896,21.738260476229183,245000
2025-07-02,22.277307510375977,22.65954151819041,21.601050937630756,22.198900869940513,198900
2025-07-03,22.385116577148438,22.443921088125407,21.95387913480668,22.306709939391908,100400
2025-07-07,22.081289291381836,22.46156042538571,22.01268185324025,22.051886103606872,130000
2025-07-08,21.865671157836914,22.463522931539934,21.83626983740016,22.13029425793776,230000
2025-07-09,22.532129287719727,22.62523658793976,21.473638719910177,21.924478299004807,458300
2025-07-10,23.443607330322266,23.580818480277717,22.57133324384253,22.57133324384253,242500
2025-07-11,23.664125442504883,23.7278295479872,23.06529413931205,23.257389739974148,182400
2025-07-14,23.11037826538086,23.669025788754936,22.414519594332216,23.59061915160352,217100
2025-07-15,22.03228759765625,23.296596839244025,21.983284146009748,23.296596839244025,177800
2025-07-16,22.04208755493164,22.15479698354795,21.620651162233063,22.09109287347901,202700
2025-07-17,22.208702087402344,22.31651191975807,22.012684550275893,22.012684550275893,127700
2025-07-18,21.595638275146484,22.41635155332983,21.457205300949337,22.41635155332983,135800
2025-07-21,21.813175201416016,22.248252670612384,21.674742232765794,21.674742232765794,129500
2025-07-22,22.554784774780273,22.68333129737922,21.862618010198933,22.001050985913633,206500
2025-07-23,22.386688232421875,22.831654091779786,22.33724841960787,22.65366774803662,143200
2025-07-24,21.635190963745117,22.24924308331679,21.546199679611764,22.22847813601769,121500
2025-07-25,21.84284210205078,21.862618780995234,21.53631112244342,21.595639273268866,116400
2025-07-28,21.605527877807617,21.882393842395018,21.506646367880144,21.803289011654627,104800
2025-07-29,21.427539825439453,21.803287269938423,21.343489888612503,21.753847461928064,153700
2025-07-30,21.17045021057129,21.63519085201397,20.933135720089417,21.457206398658503,173700
2025-07-31,21.04190444946289,21.69451973507334,20.86391811956771,21.061679241445162,192400
2025-08-01,20.339847564697266,21.111121035873875,20.324027731036924,20.982574514340527,241800
2025-08-04,20.71559715270996,20.779868528239675,20.418952635926633,20.418952635926633,169700
2025-08-05,21.51653289794922,21.605526060798894,20.799644368774754,20.824364272675716,120200
2025-08-06,22.030715942382812,22.050490734567504,21.417652120469327,21.52642196452039,121800
2025-08-07,21.931835174560547,22.48556898050753,21.635190649725878,22.268031171101764,143000
2025-08-08,21.803287506103516,22.663554131259456,21.753847697557642,22.07026699866996,204000
2025-08-11,21.664854049682617,22.060378167242604,21.363266320665705,21.83295203539658,151600
2025-08-12,22.673442840576172,22.772324345291107,21.75384805294061,21.75384805294061,172400
2025-08-13,23.375497817993164,23.553484148344637,22.515233069304813,22.74265920875044,179100
2025-08-14,22.97997283935547,23.138182485828903,22.782211724267555,23.118405808517785,152200
2025-08-15,23.177738189697266,23.296394493575214,22.722883995477275,23.138184831065985,296500
2025-08-18,23.326059341430664,23.375499153349132,23.029416697903994,23.227177831585795,152800
2025-08-19,22.910757064819336,23.64247717393821,22.772324091366738,23.286504515336883,148100
2025-08-20,22.554784774780273,23.128295241894115,22.495456626046522,23.039302075789564,228500
2025-08-21,22.366910934448242,22.45590221034739,21.862616978978398,22.406462403069224,179500
2025-08-22,23.810575485229492,24.018226834215223,22.554784710243315,22.554784710243315,329200
2025-08-25,23.533706665039062,24.60162272459865,23.504043535000697,23.711692989300285,286600
2025-08-26,23.167848587036133,23.78091052433612,23.00963893315176,23.45460287744862,169000
2025-08-27,22.65366554260254,23.177736183047056,22.441070973384996,22.9404217098291,168300
2025-08-28,22.712995529174805,22.772325566790908,22.277919902704323,22.66355571716932,120100
2025-08-29,23.1480712890625,23.1480712890625,22.62400064584639,22.841540328619164,127500
2025-09-02,23.2963924407959,23.573260268794602,22.772323687165777,23.13323956583807,213800
2025-09-03,23.583148956298828,23.665220472033358,22.950308466659546,23.197511281954068,279200
2025-09-04,23.60292625427246,23.751247570144386,23.294416861094458,23.533707879924897,211600
2025-09-05,23.573261260986328,24.20115665529876,23.38538658815077,23.711694237808395,209400
2025-09-08,24.304981231689453,24.314869570828595,23.454602925801947,23.672142614847317,318800
2025-09-09,24.176437377929688,24.36431016963467,23.67214338154745,24.34453537672377,569700
2025-09-10,23.771024703979492,23.912424373726648,21.753848734247317,21.763737073629283,825300
2025-09-11,24.73017120361328,24.967485692788138,22.82275333288418,23.01952808205623,611300
2025-09-12,26.67812728881836,27.80537340544987,24.947707587278128,25.145470593285847,913700
2025-09-15,26.79678726196289,27.380186094098477,26.183723411139624,27.380186094098477,675600
2025-09-16,27.380184173583984,27.686715134490807,26.85611352957546,27.053876534939228,441200
2025-09-17,26.243051528930664,27.276357476528634,25.96618369945463,27.19230942540657,550500
2025-09-18,26.84622573852539,26.92038733855208,25.8178629932695,26.322156969830615,363600
2025-09-19,26.52980613708496,26.964883621317394,26.26282664316907,26.846225439796616,941100
2025-09-22,26.79678726196289,26.870946979670205,25.948387341977632,26.599024242727534,321300
2025-09-23,26.737459182739258,27.55223912761186,26.589135974908565,26.846227146205052,395800
2025-09-24,26.411149978637695,27.043990518543914,25.906857855067493,26.895669194787505,376600
2025-09-25,25.49155616760254,26.29249279800746,25.26412813367847,26.163946271962388,293800
2025-09-26,26.35181999206543,26.697904314079132,25.461890225464355,25.67942802609774,392300
2025-09-29,26.480365753173828,26.76712003277545,26.055176617136603,26.76712003277545,331300
2025-09-30,25.580549240112305,26.519918846418488,25.36300954639315,26.341932510105682,252200
2025-10-01,26.233163833618164,26.282603643019506,25.50144371563285,25.51133016870685,267100
2025-10-02,26.1441707611084,26.29249207584911,25.382785623162803,26.29249207584911,248500
2025-10-03,26.391372680664062,26.89566664238465,25.954316782234887,26.07495338374317,300600
2025-10-06,25.471778869628906,26.82644927081435,25.46189053048059,26.82644927081435,271800
2025-10-07,25.293792724609375,25.711071964127537,25.125694729856768,25.471779058583646,178700
2025-10-08,26.925331115722656,26.954996133541567,25.382786023288933,25.49155586928373,447900
2025-10-09,26.96488380432129,28.665638510942944,26.826448943939557,27.449401100637786,765600
2025-10-10,26.163944244384766,26.82644784402303,25.570659015103242,26.816561391408385,485600
2025-10-13,27.192310333251953,27.790540707941613,26.252938858245564,26.510030018626342,382700
2025-10-14,27.399959564208984,27.548282764477683,26.46157825132446,26.549583148976385,386500
2025-10-15,27.63727569580078,28.586533607824425,27.459289365794394,27.884478512807917,346000
2025-10-16,29.36769676208496,29.45668993117069,27.795486622914293,27.795486622914293,799200
2025-10-17,27.16264533996582,29.150156250598616,27.103317190904384,28.85351361928357,446600
2025-10-20,28.240449905395508,28.250338244613328,27.22197548406232,27.291191972579192,272300
2025-10-21,26.81656265258789,27.983358374788153,26.29249199700064,27.983358374788153,362300
2025-10-22,26.67812728881836,26.85117039057706,26.14417019021,26.43092447431261,230400
2025-10-23,27.024211883544922,27.246694796083908,26.707792579492956,27.07365169255011,160600
2025-10-24,27.716381072998047,27.736155865385935,26.915442572041048,27.04398909560554,181200
2025-10-27,27.45928955078125,28.364050886398463,27.221975071176605,28.032800014661095,328300
2025-10-28,27.212087631225586,28.003135922711486,27.192310952436465,27.25163910279593,205300
2025-10-29,26.81656265258789,27.528506092812975,26.579246286505025,27.409847909771543,230600
2025-10-30,26.51003074645996,26.79184181949744,26.252939579020737,26.589135575979114,177900
2025-10-31,26.282604217529297,26.539695381253253,25.995849921919262,26.480367231473227,112800
2025-11-03,26.055177688598633,26.589134800783636,25.822806433532353,26.173833986414035,173100
2025-11-04,24.45330238342285,25.709093155587667,24.295092730269094,25.709093155587667,315800
2025-11-05,24.56207275390625,24.868603727713655,23.850129299448053,24.690617392597137,507700
2025-11-06,24.71039390563965,25.007038424182667,23.840240800464088,24.819163751039543,412600
2025-11-07,25.007038116455078,26.569359859664456,22.742659385406892,24.028113291918057,565200
2025-11-10,26.80667495727539,27.172534082257734,25.61021230307136,25.758533620929278,353700
2025-11-11,25.718982696533203,26.60891250861232,25.11778560925284,26.60891250861232,288400
2025-11-12,25.995849609375,26.2034990741125,25.634931830365407,25.798086597808744,260100
2025-11-13,25.145471572875977,26.29249252598642,24.997150255595947,25.877191705997614,492400
2025-11-14,24.957597732543945,25.115807394397795,24.225877574967907,24.57196191752618,486500
2025-11-17,25.096031188964844,25.659655241719058,24.621402194442535,24.94770986392762,384400
2025-11-18,25.33334732055664,25.432226945593808,24.502745645390327,24.809276632223053,320100
2025-11-19,25.632322311401367,26.210345071196024,24.954641962658435,25.622356172337206,616500
2025-11-20,25.771846771240234,27.21690274350505,25.72201607511936,25.87150436178859,541200
2025-11-21,26.349868774414062,27.00761873731747,25.396130377780807,25.712049188533005,307100
2025-11-24,25.95123291015625,26.38973162138575,25.74194779270188,26.349868966204273,242900
2025-11-25,26.47942543029785,26.509323847836868,25.94126722052232,26.18044885829441,181700
2025-11-26,27.177040100097656,27.276699591539067,26.409664487099484,26.479425560854462,195600
2025-11-28,28.61212921142578,28.651993767334552,27.12720871906378,27.34645997486872,258800
2025-12-01,29.15028953552246,29.3695388921686,28.40284621409881,28.532402220106377,383200
2025-12-02,29.678483963012695,30.09705230556964,28.73172164744324,30.027289331104573,223900
2025-12-03,31.273027420043945,32.38921027194185,29.67848320425643,30.0472208413398,361400
2025-12-04,30.655141830444336,30.944152255030076,30.19870293359788,30.89432346139873,277700
2025-12-05,30.784698486328125,31.47732899704362,30.64019422139837,30.764768108961494,303300
2025-12-08,30.226608276367188,31.324850964363833,29.82797221271983,30.993983886917537,403900
2025-12-09,30.974050521850586,31.36272043266509,30.04722051835758,30.296368287002082,398500
2025-12-10,31.263063430786133,31.502245065058116,30.4558232766657,30.91425616798866,498200
2025-12-11,31.273027420043945,31.910847007205593,30.665108150592445,30.665108150592445,523800
2025-12-12,31.611867904663086,32.329412787321004,30.92422143826672,31.890914087231135,963200
2025-12-15,31.641767501831055,32.38921082864596,30.545516908999854,32.289553239081314,887300
2025-12-16,32.05036926269531,32.518768290957894,31.3328243630875,31.641767068368367,818900
2025-12-17,32.58852767944336,32.648320708596664,31.19329870657203,32.449005542494845,786700
2025-12-18,32.518768310546875,33.5452559160539,32.431067047727105,32.887505949138855,864900
2025-12-19,33.046958923339844,34.30266196817669,32.46893809371435,32.53869916277789,1277500
2025-12-22,33.61501693725586,34.02361913121001,33.086824877232836,33.21638278312853,1109800
2025-12-23,33.62498474121094,34.59167550450089,33.585120185569856,33.585120185569856,1242000
2025-12-24,34.67140579223633,35.040143440194974,33.28614475109757,33.73460771135031,632900
2025-12-26,34.47208786010742,35.58826887811385,33.64491538488479,35.37898565005518,519400
2025-12-29,33.30607223510742,33.93691761573356,32.64832227109056,33.6349491179625,543700
2025-12-30,33.33597183227539,33.774470531577705,33.02702723400065,33.654880668439475,478900
2025-12-31,33.93392562866211,34.24287023311869,33.435630086973404,34.023618978233806,401800
2026-01-02,34.65147399902344,34.820892666079416,33.93392716986058,34.18307495202063,368100
2026-01-05,36.20615768432617,36.52606258641884,34.45215516141297,35.74772287388923,585800
2026-01-06,37.920291900634766,37.93025994092634,35.87728083561221,36.275918810018624,693100
2026-01-07,37.75086975097656,37.9701171951555,36.417429689276226,37.621311850989144,467500
2026-01-08,37.940223693847656,38.16943919560441,36.99346136802213,37.17284807403932,351900
2026-01-09,38.8670539855957,39.34541727075367,38.0299172861459,38.079746082199,569100
2026-01-12,42.683998107910156,43.27198319998497,40.252313421014684,40.83033807665158,1172900
2026-01-13,41.53791809082031,43.34174938250815,40.955909243032785,43.132462358499374,797300
2026-01-14,39.68425750732422,42.355121973556926,38.94678221837998,41.93655553416047,983900
2026-01-15,39.953338623046875,40.30214399847432,38.498316483130296,39.31552090701185,453200
2026-01-16,41.76713180541992,42.15081769658882,40.45163189042191,40.959891665978446,643700
2026-01-20,41.9963493347168,43.131466563521,41.85682718570207,42.335190468764026,636700
2026-01-21,42.524539947509766,42.89328138769963,40.76057706527522,42.27539217523227,541300
2026-01-22,43.70051956176758,44.1489863309341,42.67403191365913,42.72386070985686,495400
2026-01-23,42.963043212890625,44.15895330112407,42.46474765960114,43.850008689474976,520900
2026-01-26,43.94966506958008,44.32139463698851,42.55443983979421,43.85000748234297,858300
2026-01-27,50.97563552856445,52.74358638013389,44.2785422194908,44.2785422194908,2113900
2026-01-28,53.80595397949219,55.44036273930916,51.82273606132343,52.121712624415494,1617100
2026-01-29,53.34751892089844,57.46344111684328,52.121712357317364,56.31735986222135,1837900
2026-01-30,51.673248291015625,53.138238460753065,49.92124167178612,50.93577298774307,1132700
2026-02-02,51.11515808105469,51.20485143150765,47.53739590450952,50.22819261640503,1190900
2026-02-03,52.52035140991211,53.02861119506615,50.61686257259302,52.68977007106568,865800
2026-02-04,51.304508209228516,53.397351752820356,49.95911177539275,52.84922361888635,704200
2026-02-05,50.17835998535156,51.10020978724398,48.83296353118998,49.00238219209765,634500
2026-02-06,55.13142013549805,57.43354697799692,50.53713449059097,52.65987462839158,1371000
2026-02-09,63.92135238647461,66.4726231630346,56.795728320243484,57.084736849236506,2042600
2026-02-10,62.37663650512695,66.41980957013996,62.077659938322014,64.77842088111278,1368900
2026-02-11,62.65568161010742,66.27330838014433,57.92187386866854,64.03097839735749,1187100
2026-02-12,57.5033073425293,63.28851899345188,56.95518299679856,62.785239422495835,919300
2026-02-13,60.702362060546875,61.65908857752992,56.59640790722469,58.479964425564205,1069400
2026-02-17,58.48992919921875,59.62604622544608,55.02179269212253,59.62604622544608,1115200
2026-02-18,57.57306671142578,59.25332008073598,56.626304432263154,58.79887327433154,725900
2026-02-19,58.46999740600586,58.97826099068476,56.277500050091014,57.573067706320685,697400
2026-02-20,58.81999969482422,59.970001220703125,57.279998779296875,57.849998474121094,743400
2026-02-23,56.97999954223633,60.599998474121094,56.31999969482422,59.0,758800
2026-02-24,56.959999084472656,57.43000030517578,54.150001525878906,56.0,652200
2026-02-25,56.18000030517578,58.16999816894531,54.9900016784668,57.58000183105469,600900
2026-02-26,56.380001068115234,56.720001220703125,54.505001068115234,55.41999816894531,515800
2026-02-27,57.470001220703125,57.630001068115234,55.56999969482422,56.279998779296875,797800
2026-03-02,56.86000061035156,59.099998474121094,54.93000030517578,59.0,1011100
2026-03-03,56.380001068115234,56.599998474121094,52.22999954223633,55.0099983215332,571900
2026-03-04,56.0099983215332,58.43000030517578,56.0,56.5,590900
2026-03-05,54.599998474121094,55.96699905395508,53.189998626708984,55.290000915527344,592600
2026-03-06,52.41999816894531,54.400001525878906,52.38999938964844,53.59000015258789,455300
2026-03-09,50.099998474121094,51.27000045776367,48.0,51.06999969482422,915800
2026-03-10,50.650001525878906,52.54999923706055,50.0,50.4900016784668,528300
2026-03-11,50.470001220703125,50.720001220703125,49.0,50.06999969482422,478800
2026-03-12,48.939998626708984,50.08000183105469,48.15999984741211,49.91999816894531,461200
2026-03-13,47.470001220703125,49.20000076293945,47.04999923706055,49.0099983215332,399700
2026-03-16,46.720001220703125,49.0,46.529998779296875,48.290000915527344,478400
2026-03-17,47.88999938964844,48.290000915527344,46.869998931884766,47.2400016784668,471400
2026-03-18,46.0099983215332,47.25,45.709999084472656,47.04999923706055,511600
2026-03-19,43.970001220703125,44.75,43.400001525878906,44.400001525878906,538000
2026-03-20,42.2599983215332,44.47999954223633,41.61000061035156,44.33000183105469,1072700
2026-03-23,43.900001525878906,45.47999954223633,43.0,43.0,858300
2026-03-24,43.5,44.5099983215332,43.02000045776367,43.400001525878906,632300
2026-03-25,43.130001068115234,45.0,42.875,45.0,580800
2026-03-26,39.560001373291016,42.59000015258789,38.900001525878906,42.29999923706055,836500
2026-03-27,39.41999816894531,40.494998931884766,38.689998626708984,39.439998626708984,907800
2026-03-30,37.97999954223633,40.08000183105469,37.77000045776367,39.619998931884766,765400
2026-03-31,40.08000183105469,40.58000183105469,38.73500061035156,39.41999816894531,623400
2026-04-01,41.810001373291016,41.959999084472656,40.650001525878906,41.029998779296875,627300
2026-04-02,41.27000045776367,41.46500015258789,39.16999816894531,39.54999923706055,454700
2026-04-06,42.58000183105469,42.86000061035156,41.040000915527344,41.040000915527344,523900
2026-04-07,43.470001220703125,43.619998931884766,41.88999938964844,42.619998931884766,661000
2026-04-08,45.7599983215332,47.900001525878906,45.54499816894531,46.349998474121094,877500
2026-04-09,44.119998931884766,45.4900016784668,44.02000045776367,45.34000015258789,470300
2026-04-10,43.97999954223633,44.83000183105469,43.79999923706055,44.61000061035156,305200
2026-04-13,43.959999084472656,44.060001373291016,43.018001556396484,43.220001220703125,408800
2026-04-14,44.5099983215332,45.59000015258789,43.630001068115234,44.08000183105469,460300
2026-04-15,44.9900016784668,45.16999816894531,44.0099983215332,44.099998474121094,318000
2026-04-16,46.63999938964844,47.61600112915039,45.78900146484375,45.86000061035156,732000
2026-04-17,48.18000030517578,49.83000183105469,47.29999923706055,47.65999984741211,678000
2026-04-20,48.630001068115234,49.15999984741211,47.54999923706055,48.29999923706055,741000
2026-04-21,45.79999923706055,48.935001373291016,45.459999084472656,48.619998931884766,587300
2026-04-22,47.27000045776367,48.02000045776367,46.268001556396484,46.97999954223633,603000
2026-04-23,46.900001525878906,48.0,45.6609992980957,47.040000915527344,532800
2026-04-24,47.0099983215332,47.63999938964844,46.02000045776367,47.47999954223633,464900
2026-04-27,47.209999084472656,47.849998474121094,45.84000015258789,47.0,497900
2026-04-28,45.720001220703125,47.11000061035156,45.220001220703125,46.5,529000
2026-04-29,45.16999816894531,45.84199905395508,44.349998474121094,45.5,402300
2026-04-30,45.189998626708984,46.29999923706055,44.47999954223633,45.880001068115234,391100
2026-05-01,42.630001068115234,45.0,42.380001068115234,45.0,771600
2026-05-04,42.63999938964844,43.05500030517578,41.85499954223633,42.439998626708984,686000
2026-05-05,42.93000030517578,43.47999954223633,41.810001373291016,42.97999954223633,421400
2026-05-06,43.099998474121094,44.220001220703125,41.9900016784668,43.7400016784668,689400
2026-05-07,43.5099983215332,46.81999969482422,42.31999969482422,43.5099983215332,908200
2026-05-08,45.38999938964844,46.650001525878906,44.0,44.290000915527344,934500
2026-05-11,44.46500015258789,48.26499938964844,44.25,46.099998474121094,372481
